type,filename,run,original_size,compressed_size,compression_ratio,compression_time,decompression_time,verification
text_small,experiments/data/text/text_100kb.txt,1,104577,60908,0.582423,0.045531,0.056043,OK
text_small,experiments/data/text/text_100kb.txt,2,104577,60908,0.582423,0.039227,0.023853,OK
text_small,experiments/data/text/text_100kb.txt,3,104577,60908,0.582423,0.038969,0.018095,OK
text_small,experiments/data/text/text_100kb.txt,4,104577,60908,0.582423,0.039984,0.018664,OK
text_small,experiments/data/text/text_100kb.txt,5,104577,60908,0.582423,0.044726,0.017543,OK
text_small,experiments/data/text/text_100kb.txt,6,104577,60908,0.582423,0.040493,0.019253,OK
text_small,experiments/data/text/text_100kb.txt,7,104577,60908,0.582423,0.041023,0.018041,OK
text_small,experiments/data/text/text_100kb.txt,8,104577,60908,0.582423,0.042056,0.019321,OK
text_small,experiments/data/text/text_100kb.txt,9,104577,60908,0.582423,0.040625,0.030599,OK
text_small,experiments/data/text/text_100kb.txt,10,104577,60908,0.582423,0.046624,0.021345,OK
text_medium,experiments/data/text/text_1mb.txt,1,1113388,640179,0.574983,0.496557,0.176874,OK
text_medium,experiments/data/text/text_1mb.txt,2,1113388,640179,0.574983,0.453347,0.302750,OK
text_medium,experiments/data/text/text_1mb.txt,3,1113388,640179,0.574983,0.495423,0.216641,OK
text_medium,experiments/data/text/text_1mb.txt,4,1113388,640179,0.574983,0.611495,0.203180,OK
text_medium,experiments/data/text/text_1mb.txt,5,1113388,640179,0.574983,0.528819,0.179750,OK
text_medium,experiments/data/text/text_1mb.txt,6,1113388,640179,0.574983,0.470727,0.218360,OK
text_medium,experiments/data/text/text_1mb.txt,7,1113388,640179,0.574983,0.542184,0.221560,OK
text_medium,experiments/data/text/text_1mb.txt,8,1113388,640179,0.574983,0.601127,0.220589,OK
text_medium,experiments/data/text/text_1mb.txt,9,1113388,640179,0.574983,0.503282,0.218113,OK
text_medium,experiments/data/text/text_1mb.txt,10,1113388,640179,0.574983,0.492147,0.231415,OK
text_large,experiments/data/text/text_10mb.txt,1,11133880,6396767,0.574532,4.638124,1.742049,OK
text_large,experiments/data/text/text_10mb.txt,2,11133880,6396767,0.574532,4.447374,1.729877,OK
text_large,experiments/data/text/text_10mb.txt,3,11133880,6396767,0.574532,4.342089,1.716665,OK
text_large,experiments/data/text/text_10mb.txt,4,11133880,6396767,0.574532,4.798913,1.864979,OK
text_large,experiments/data/text/text_10mb.txt,5,11133880,6396767,0.574532,4.316186,1.695878,OK
text_large,experiments/data/text/text_10mb.txt,6,11133880,6396767,0.574532,4.313484,1.699692,OK
text_large,experiments/data/text/text_10mb.txt,7,11133880,6396767,0.574532,4.297780,1.743629,OK
text_large,experiments/data/text/text_10mb.txt,8,11133880,6396767,0.574532,4.863952,1.769560,OK
text_large,experiments/data/text/text_10mb.txt,9,11133880,6396767,0.574532,4.264841,1.974509,OK
text_large,experiments/data/text/text_10mb.txt,10,11133880,6396767,0.574532,5.256096,2.683684,OK
repetitive_small,experiments/data/repetitive/repetitive_100kb.txt,1,123340,15693,0.127234,0.030260,0.012423,OK
repetitive_small,experiments/data/repetitive/repetitive_100kb.txt,2,123340,15693,0.127234,0.019533,0.013839,OK
repetitive_small,experiments/data/repetitive/repetitive_100kb.txt,3,123340,15693,0.127234,0.021791,0.011275,OK
repetitive_small,experiments/data/repetitive/repetitive_100kb.txt,4,123340,15693,0.127234,0.019521,0.011279,OK
repetitive_small,experiments/data/repetitive/repetitive_100kb.txt,5,123340,15693,0.127234,0.038719,0.013538,OK
repetitive_small,experiments/data/repetitive/repetitive_100kb.txt,6,123340,15693,0.127234,0.023672,0.012458,OK
repetitive_small,experiments/data/repetitive/repetitive_100kb.txt,7,123340,15693,0.127234,0.022109,0.012596,OK
repetitive_small,experiments/data/repetitive/repetitive_100kb.txt,8,123340,15693,0.127234,0.022343,0.012520,OK
repetitive_small,experiments/data/repetitive/repetitive_100kb.txt,9,123340,15693,0.127234,0.023200,0.012648,OK
repetitive_small,experiments/data/repetitive/repetitive_100kb.txt,10,123340,15693,0.127234,0.022239,0.011656,OK
repetitive_medium,experiments/data/repetitive/repetitive_1mb.txt,1,997838,126798,0.127073,0.121992,0.065365,OK
repetitive_medium,experiments/data/repetitive/repetitive_1mb.txt,2,997838,126798,0.127073,0.201320,0.142778,OK
repetitive_medium,experiments/data/repetitive/repetitive_1mb.txt,3,997838,126798,0.127073,0.120278,0.068119,OK
repetitive_medium,experiments/data/repetitive/repetitive_1mb.txt,4,997838,126798,0.127073,0.151669,0.098662,OK
repetitive_medium,experiments/data/repetitive/repetitive_1mb.txt,5,997838,126798,0.127073,0.193226,0.092461,OK
repetitive_medium,experiments/data/repetitive/repetitive_1mb.txt,6,997838,126798,0.127073,0.103980,0.107329,OK
repetitive_medium,experiments/data/repetitive/repetitive_1mb.txt,7,997838,126798,0.127073,0.109699,0.088471,OK
repetitive_medium,experiments/data/repetitive/repetitive_1mb.txt,8,997838,126798,0.127073,0.129909,0.057816,OK
repetitive_medium,experiments/data/repetitive/repetitive_1mb.txt,9,997838,126798,0.127073,0.114507,0.122907,OK
repetitive_medium,experiments/data/repetitive/repetitive_1mb.txt,10,997838,126798,0.127073,0.164664,0.103370,OK
repetitive_large,experiments/data/repetitive/repetitive_10mb.txt,1,7982704,1014219,0.127052,0.900054,0.517045,OK
repetitive_large,experiments/data/repetitive/repetitive_10mb.txt,2,7982704,1014219,0.127052,0.889467,0.626988,OK
repetitive_large,experiments/data/repetitive/repetitive_10mb.txt,3,7982704,1014219,0.127052,0.994308,0.633220,OK
repetitive_large,experiments/data/repetitive/repetitive_10mb.txt,4,7982704,1014219,0.127052,0.867823,0.501685,OK
repetitive_large,experiments/data/repetitive/repetitive_10mb.txt,5,7982704,1014219,0.127052,0.872139,0.474983,OK
repetitive_large,experiments/data/repetitive/repetitive_10mb.txt,6,7982704,1014219,0.127052,0.871503,0.459803,OK
repetitive_large,experiments/data/repetitive/repetitive_10mb.txt,7,7982704,1014219,0.127052,0.849196,0.445480,OK
repetitive_large,experiments/data/repetitive/repetitive_10mb.txt,8,7982704,1014219,0.127052,0.934911,0.505113,OK
repetitive_large,experiments/data/repetitive/repetitive_10mb.txt,9,7982704,1014219,0.127052,1.034111,0.687020,OK
repetitive_large,experiments/data/repetitive/repetitive_10mb.txt,10,7982704,1014219,0.127052,1.064633,0.595045,OK
random_small,experiments/data/random/random_100kb.bin,1,102400,103688,1.012578,0.077663,0.029382,OK
random_small,experiments/data/random/random_100kb.bin,2,102400,103688,1.012578,0.093865,0.036816,OK
random_small,experiments/data/random/random_100kb.bin,3,102400,103688,1.012578,0.083369,0.040059,OK
random_small,experiments/data/random/random_100kb.bin,4,102400,103688,1.012578,0.077400,0.026535,OK
random_small,experiments/data/random/random_100kb.bin,5,102400,103688,1.012578,0.074849,0.024699,OK
random_small,experiments/data/random/random_100kb.bin,6,102400,103688,1.012578,0.090961,0.035506,OK
random_small,experiments/data/random/random_100kb.bin,7,102400,103688,1.012578,0.085429,0.028310,OK
random_small,experiments/data/random/random_100kb.bin,8,102400,103688,1.012578,0.079213,0.027328,OK
random_small,experiments/data/random/random_100kb.bin,9,102400,103688,1.012578,0.097123,0.031940,OK
random_small,experiments/data/random/random_100kb.bin,10,102400,103688,1.012578,0.085897,0.027483,OK
random_medium,experiments/data/random/random_1mb.bin,1,1048576,1049864,1.001228,0.814834,0.275539,OK
random_medium,experiments/data/random/random_1mb.bin,2,1048576,1049864,1.001228,0.787342,0.288476,OK
random_medium,experiments/data/random/random_1mb.bin,3,1048576,1049864,1.001228,0.801764,0.285434,OK
random_medium,experiments/data/random/random_1mb.bin,4,1048576,1049864,1.001228,0.766776,0.301345,OK
random_medium,experiments/data/random/random_1mb.bin,5,1048576,1049864,1.001228,1.237078,0.226138,OK
random_medium,experiments/data/random/random_1mb.bin,6,1048576,1049864,1.001228,0.779889,0.256721,OK
random_medium,experiments/data/random/random_1mb.bin,7,1048576,1049864,1.001228,0.755985,0.303704,OK
random_medium,experiments/data/random/random_1mb.bin,8,1048576,1049864,1.001228,0.757009,0.256492,OK
random_medium,experiments/data/random/random_1mb.bin,9,1048576,1049864,1.001228,0.773175,0.247319,OK
random_medium,experiments/data/random/random_1mb.bin,10,1048576,1049864,1.001228,0.895849,0.271902,OK
random_large,experiments/data/random/random_10mb.bin,1,10485760,10487048,1.000123,7.583716,2.428171,OK
random_large,experiments/data/random/random_10mb.bin,2,10485760,10487048,1.000123,8.056566,2.979704,OK
random_large,experiments/data/random/random_10mb.bin,3,10485760,10487048,1.000123,7.800598,2.262972,OK
random_large,experiments/data/random/random_10mb.bin,4,10485760,10487048,1.000123,7.421609,2.902519,OK
random_large,experiments/data/random/random_10mb.bin,5,10485760,10487048,1.000123,7.500392,2.210284,OK
random_large,experiments/data/random/random_10mb.bin,6,10485760,10487048,1.000123,7.483761,2.414118,OK
random_large,experiments/data/random/random_10mb.bin,7,10485760,10487048,1.000123,8.180328,2.307097,OK
random_large,experiments/data/random/random_10mb.bin,8,10485760,10487048,1.000123,7.396585,2.253266,OK
random_large,experiments/data/random/random_10mb.bin,9,10485760,10487048,1.000123,8.270958,2.149163,OK
random_large,experiments/data/random/random_10mb.bin,10,10485760,10487048,1.000123,7.470696,2.152867,OK
compressed_small,experiments/data/compressed/text_100kb.bin,1,60908,61064,1.002561,0.053537,0.016267,OK
compressed_small,experiments/data/compressed/text_100kb.bin,2,60908,61064,1.002561,0.049028,0.015711,OK
compressed_small,experiments/data/compressed/text_100kb.bin,3,60908,61064,1.002561,0.053177,0.019327,OK
compressed_small,experiments/data/compressed/text_100kb.bin,4,60908,61064,1.002561,0.079291,0.016964,OK
compressed_small,experiments/data/compressed/text_100kb.bin,5,60908,61064,1.002561,0.046700,0.015947,OK
compressed_small,experiments/data/compressed/text_100kb.bin,6,60908,61064,1.002561,0.054165,0.019633,OK
compressed_small,experiments/data/compressed/text_100kb.bin,7,60908,61064,1.002561,0.053679,0.015925,OK
compressed_small,experiments/data/compressed/text_100kb.bin,8,60908,61064,1.002561,0.061211,0.021203,OK
compressed_small,experiments/data/compressed/text_100kb.bin,9,60908,61064,1.002561,0.058461,0.041657,OK
compressed_small,experiments/data/compressed/text_100kb.bin,10,60908,61064,1.002561,0.046642,0.015561,OK
compressed_medium,experiments/data/compressed/text_1mb.bin,1,640179,633294,0.989245,0.446815,0.168335,OK
compressed_medium,experiments/data/compressed/text_1mb.bin,2,640179,633294,0.989245,0.449589,0.145508,OK
compressed_medium,experiments/data/compressed/text_1mb.bin,3,640179,633294,0.989245,0.476465,0.136547,OK
compressed_medium,experiments/data/compressed/text_1mb.bin,4,640179,633294,0.989245,0.530442,0.148642,OK
compressed_medium,experiments/data/compressed/text_1mb.bin,5,640179,633294,0.989245,0.468070,0.149374,OK
compressed_medium,experiments/data/compressed/text_1mb.bin,6,640179,633294,0.989245,0.459803,0.207290,OK
compressed_medium,experiments/data/compressed/text_1mb.bin,7,640179,633294,0.989245,0.562032,0.146901,OK
compressed_medium,experiments/data/compressed/text_1mb.bin,8,640179,633294,0.989245,0.552179,0.137834,OK
compressed_medium,experiments/data/compressed/text_1mb.bin,9,640179,633294,0.989245,0.617261,0.202322,OK
compressed_medium,experiments/data/compressed/text_1mb.bin,10,640179,633294,0.989245,0.523530,0.142519,OK
compressed_large,experiments/data/compressed/text_10mb.bin,1,6396767,6315442,0.987287,5.366824,1.927130,OK
compressed_large,experiments/data/compressed/text_10mb.bin,2,6396767,6315442,0.987287,4.954804,1.851100,OK
compressed_large,experiments/data/compressed/text_10mb.bin,3,6396767,6315442,0.987287,4.890282,1.872238,OK
compressed_large,experiments/data/compressed/text_10mb.bin,4,6396767,6315442,0.987287,4.979522,1.736911,OK
compressed_large,experiments/data/compressed/text_10mb.bin,5,6396767,6315442,0.987287,4.775511,1.633507,OK
compressed_large,experiments/data/compressed/text_10mb.bin,6,6396767,6315442,0.987287,5.045480,1.515689,OK
compressed_large,experiments/data/compressed/text_10mb.bin,7,6396767,6315442,0.987287,4.609808,1.548929,OK
compressed_large,experiments/data/compressed/text_10mb.bin,8,6396767,6315442,0.987287,4.773315,1.768953,OK
compressed_large,experiments/data/compressed/text_10mb.bin,9,6396767,6315442,0.987287,4.773725,1.907247,OK
compressed_large,experiments/data/compressed/text_10mb.bin,10,6396767,6315442,0.987287,4.952013,1.480952,OK
